{"base_files_url": "https://raw.githubusercontent.com/Ranny-Snice/Ranny-Snice-Wallpapers/4217e6abcc7e21e0bee9411c252c1c72c700a493/", "db_id": "Ranny-Snice/Ranny-Snice-Wallpapers", "db_url": "https://raw.githubusercontent.com/Ranny-Snice/Ranny-Snice-Wallpapers/db/db.json.zip", "files": {"Wallpapers/MiSTer 3D World Runner.jpg": {"hash": "186f014d6e2787562a37710285bb3bb8", "size": 7654097, "tags": [16, 17, 18]}, "Wallpapers/MiSTer 4X3 AXELAY SNES.jpg": {"hash": "6ee0d5b2d830fa96123f6fbe038d132f", "size": 999781, "tags": [16, 19, 23]}, "Wallpapers/MiSTer 4X3 Akumajou Dracula X- Chi no Rondo PCE-CD.jpg": {"hash": "68d416f77a1dcbca0e57d3e65e742609", "size": 912615, "tags": [16, 19, 20]}, "Wallpapers/MiSTer 4X3 Altered Beast - Genesis.jpg": {"hash": "faca5b2ca53e9181b3a4f1b4cc52bd5f", "size": 724635, "tags": [16, 19, 21]}, "Wallpapers/MiSTer 4X3 Altered Beast - Mega Drive.jpg": {"hash": "b96b6edc22a982ea3d3219a3ea6e0dcf", "size": 731388, "tags": [16, 19, 22]}, "Wallpapers/MiSTer 4X3 Battletoads & Double Dragon - The Ultimate Team SNES.jpg": {"hash": "b9e4b19778fd9b9347ddf85c89ae45c4", "size": 983687, "tags": [16, 19, 24]}, "Wallpapers/MiSTer 4X3 Castlevania.jpg": {"hash": "b32501bc9a80fe168b68a010bc879ebe", "size": 863934, "tags": [16, 19, 27]}, "Wallpapers/MiSTer 4X3 Chrono Trigger - SNES.jpg": {"hash": "4bbb072add81881e8792293e2d5072ad", "size": 924100, "tags": [16, 19, 28]}, "Wallpapers/MiSTer 4X3 Crazy Climber Arcade.jpg": {"hash": "efdd2608e8d675a6a760bfc38747169e", "size": 1028209, "tags": [16, 19, 29]}, "Wallpapers/MiSTer 4X3 Deathsmiles Arcade.jpg": {"hash": "15f7c9426386a22b27d82bd11b020049", "size": 793790, "tags": [16, 19, 30]}, "Wallpapers/MiSTer 4X3 Double Dragon II - Arcade.jpg": {"hash": "6933cf54e4746437d1ad3dd8883bce44", "size": 1079407, "tags": [16, 19, 32]}, "Wallpapers/MiSTer 4X3 Double Dragon NES.jpg": {"hash": "5c75546eeac42d1c200a702c9188af1d", "size": 749170, "tags": [16, 19, 33]}, "Wallpapers/MiSTer 4X3 Dragon Breed.jpg": {"hash": "db3c199247d5092bc6c219d47c4612fc", "size": 640561, "tags": [16, 19, 34]}, "Wallpapers/MiSTer 4X3 ESWAT Arcade.jpg": {"hash": "adc8166f737c3f29fecff0b403004db2", "size": 1248079, "tags": [16, 19, 35]}, "Wallpapers/MiSTer 4X3 F-ZERO SNES.jpg": {"hash": "c2ad2b482a587d9a98976728043be3a8", "size": 826671, "tags": [16, 19, 36]}, "Wallpapers/MiSTer 4X3 Golden Axe Arcade.jpg": {"hash": "f10d850d4ca2565be14b3f539b75788b", "size": 902625, "tags": [16, 19, 37]}, "Wallpapers/MiSTer 4X3 Gradius Arcade.jpg": {"hash": "bdeef8e80312ace2c1539a33ce97cee0", "size": 904885, "tags": [16, 19, 38]}, "Wallpapers/MiSTer 4X3 Gradius II GOFER no Yab\u014d - Arcade.jpg": {"hash": "2c592df38dc3379036cffbcf077fe373", "size": 1396056, "tags": [16, 19, 39]}, "Wallpapers/MiSTer 4X3 Image Fight Arcade.jpg": {"hash": "5b6244b7cb382fef6861ae3164b30294", "size": 1229953, "tags": [16, 19, 41]}, "Wallpapers/MiSTer 4X3 Karate Champ Arcade.jpg": {"hash": "c581fbabcc81165ed57e65d6d0996ca4", "size": 672124, "tags": [16, 19, 42]}, "Wallpapers/MiSTer 4X3 Konami Shmup Collage.jpg": {"hash": "baebf56f878652ea0e14b02177728689", "size": 1094027, "tags": [16, 19, 44]}, "Wallpapers/MiSTer 4X3 METROID II Gameboy.jpg": {"hash": "ad20fb19498d5e1e97383bd62cf7734a", "size": 558755, "tags": [16, 19, 45]}, "Wallpapers/MiSTer 4X3 MLiG.jpg": {"hash": "c9f39af1169e0748e58e536dcc82525e", "size": 589801, "tags": [16, 19, 46]}, "Wallpapers/MiSTer 4X3 Ninja Gaiden - Arcade.jpg": {"hash": "843c14408aa90c417bf59b79f23c9b31", "size": 465809, "tags": [16, 19, 47]}, "Wallpapers/MiSTer 4X3 Outrun - Mega Drive.jpg": {"hash": "8d10a02a68f77b50e7289520a673a386", "size": 1146829, "tags": [16, 19, 48]}, "Wallpapers/MiSTer 4X3 PLOK - SNES.jpg": {"hash": "e7b2080bc8e4224c110114943d08591d", "size": 949583, "tags": [16, 19, 49]}, "Wallpapers/MiSTer 4X3 R-TYPE Arcade.jpg": {"hash": "fde3e1fb152796e7a57cbd5cc3970f4a", "size": 809765, "tags": [16, 19, 50]}, "Wallpapers/MiSTer 4X3 R-TYPE II Arcade.jpg": {"hash": "3676b1bb74c0d799e3cf45ca04080bbf", "size": 640248, "tags": [16, 19, 51]}, "Wallpapers/MiSTer 4X3 Robotron 2084 Arcade.jpg": {"hash": "9af7ae90692829a683eadffacf368531", "size": 465374, "tags": [16, 19, 52]}, "Wallpapers/MiSTer 4X3 SRG320.jpg": {"hash": "4b56903e29beb764630cf11608b3176e", "size": 460985, "tags": [16, 19, 55]}, "Wallpapers/MiSTer 4X3 Salamander Arcade.jpg": {"hash": "5351449e38ac487a7b027cd0f0a5b366", "size": 915731, "tags": [16, 19, 53]}, "Wallpapers/MiSTer 4X3 Splatterhouse Arcade.jpg": {"hash": "528665180e501a96da52d35a786c7edf", "size": 748809, "tags": [16, 19, 54]}, "Wallpapers/MiSTer 4X3 Star Parodier - PC Engine CD.jpg": {"hash": "77d0ba164586a7b5bcb1d63a8ab9491c", "size": 685793, "tags": [16, 19, 56]}, "Wallpapers/MiSTer 4X3 Street Fighter II SNES.jpg": {"hash": "2174cd20c61bb645ad5d9a8efbceccf7", "size": 723525, "tags": [16, 19, 57]}, "Wallpapers/MiSTer 4X3 Street Fighter II Turbo SNES.jpg": {"hash": "e6d112682b647fd2431d676c5917fb3c", "size": 863416, "tags": [16, 19, 58]}, "Wallpapers/MiSTer 4X3 Street Fighter III - Third Strike V.01.jpg": {"hash": "d6ff7005c9b16675bc19734f039477d6", "size": 479147, "tags": [16, 19, 59]}, "Wallpapers/MiSTer 4X3 Street Fighter III - Third Strike V.02.jpg": {"hash": "3067b1e8c1e94d9f6c29e8a544872326", "size": 778461, "tags": [16, 19, 60]}, "Wallpapers/MiSTer 4X3 Streets of Rage Genesis.jpg": {"hash": "83d285eece10a383a285a5561bc9b218", "size": 1247819, "tags": [16, 19, 61]}, "Wallpapers/MiSTer 4X3 Streets of Rage Mega Drive.jpg": {"hash": "0db5f4e134a0aab488c6beb5e8fcc584", "size": 1255193, "tags": [16, 19, 62]}, "Wallpapers/MiSTer 4X3 Super Metroid SNES.jpg": {"hash": "793e14cd1e0a8fb45302930ce37c9400", "size": 904561, "tags": [16, 19, 63]}, "Wallpapers/MiSTer 4X3 The Legend of Zelda.jpg": {"hash": "6734f16dadc16893674d2db26c43653e", "size": 1061312, "tags": [16, 19, 64]}, "Wallpapers/MiSTer 4X3 Vulcan Venture - Arcade.jpg": {"hash": "e221452d65dac74e8ccd70b8b7150cc7", "size": 1391652, "tags": [16, 19, 65]}, "Wallpapers/MiSTer 4x3 Castlevania SOTN.jpg": {"hash": "e3db5991770055846a6946e55e43ec75", "size": 717664, "tags": [16, 19, 25]}, "Wallpapers/MiSTer 4x3 Castlevania The New Generation.jpg": {"hash": "95242165285074f6ddceceab9b1cda36", "size": 576530, "tags": [16, 19, 26]}, "Wallpapers/MiSTer 4x3 Chrono Trigger - SNES.jpg": {"hash": "381cef1e9489b9ef405c75592a8007b1", "size": 924078, "tags": [16, 19, 28]}, "Wallpapers/MiSTer 4x3 Dig Dug Arcade.jpg": {"hash": "59f897d6742f10dfc44e4f2fe727d165", "size": 686514, "tags": [16, 19, 31]}, "Wallpapers/MiSTer 4x3 HE-MAN MOTU.jpg": {"hash": "017cefca9647769ef85e172d73390256", "size": 656823, "tags": [16, 19, 40]}, "Wallpapers/MiSTer 4x3 Karnov Arcade.jpg": {"hash": "f3a4a93cd276205ee5db1c727b8c8c45", "size": 695805, "tags": [16, 19, 43]}, "Wallpapers/MiSTer AMIGA.jpg": {"hash": "d4f2cd64f557093c6f81793a5678be10", "size": 1197492, "tags": [16, 17, 74]}, "Wallpapers/MiSTer AVP Arcade.jpg": {"hash": "2fc9af9724c67641d31b6f272b880f90", "size": 2139174, "tags": [16, 17, 76]}, "Wallpapers/MiSTer AXELAY SNES Box Art.jpg": {"hash": "c9a21570f30e41c127a1bedd0855e116", "size": 9138088, "tags": [16, 17, 77]}, "Wallpapers/MiSTer Akumajou Dracula X- Chi no Rondo PCE-CD.jpg": {"hash": "7da7c7ca03d4dd1533199492354c79c7", "size": 1927423, "tags": [16, 17, 66]}, "Wallpapers/MiSTer Alien Storm - Arcade.jpg": {"hash": "022e9cb00fb92c509c5e24404e3dbad5", "size": 5440550, "tags": [16, 17, 67]}, "Wallpapers/MiSTer Altered Beast Arcade Alt2.jpg": {"hash": "48e7322ffc5e963988786b6a78c72f45", "size": 7064346, "tags": [16, 17, 68]}, "Wallpapers/MiSTer Altered Beast Arcade Alt3.jpg": {"hash": "a4b6719141046a72bd4dff110494dfca", "size": 7048097, "tags": [16, 17, 69]}, "Wallpapers/MiSTer Altered Beast Arcade.jpg": {"hash": "d9411c22ce149c1b9564f5577f182a9d", "size": 13365258, "tags": [16, 17, 70]}, "Wallpapers/MiSTer Altered Beast Genesis.jpg": {"hash": "dbfb1e7bc26fbeae1e6a6e3b76689fe7", "size": 3523493, "tags": [16, 17, 71]}, "Wallpapers/MiSTer Altered Beast Master System.jpg": {"hash": "72f5b8b9fd96dbf77d5e5d4d78dccc82", "size": 10908648, "tags": [16, 17, 72]}, "Wallpapers/MiSTer Altered Beast Mega Drive.jpg": {"hash": "37053ed18069faa3d311f30125872a97", "size": 3574199, "tags": [16, 17, 73]}, "Wallpapers/MiSTer Atari 2600 Vintage.jpg": {"hash": "6e93004bc2a41f58586552229e588544", "size": 5770661, "tags": [16, 17, 75]}, "Wallpapers/MiSTer BATRIDER Arcade JP.jpg": {"hash": "f70a0314b5c1db6954dc40ecfa2b994e", "size": 3406811, "tags": [16, 17, 80]}, "Wallpapers/MiSTer Bare Knuckle II - Mega Drive (J).jpg": {"hash": "76ad562a23ebe4c3e4cf136fd009f8e3", "size": 8203696, "tags": [16, 17, 78]}, "Wallpapers/MiSTer Bare Knuckle Mega Drive.jpg": {"hash": "9096a4e98f69e4805eaef11c4ea63f09", "size": 9155953, "tags": [16, 17, 79]}, "Wallpapers/MiSTer Battletoads  & Double Dragon - The Ultimate Team SNES Box Art.jpg": {"hash": "ad13296b0019bf7982fd8d1dbdfc5183", "size": 9377066, "tags": [16, 17, 81]}, "Wallpapers/MiSTer Berzerk Atari 2600.jpg": {"hash": "168562e6bb8b97cf5ded370745b9d556", "size": 4930055, "tags": [16, 17, 82]}, "Wallpapers/MiSTer Bowsette.jpg": {"hash": "8a71970e0c0577dea55cf08b0ca131c1", "size": 1017560, "tags": [16, 17, 83]}, "Wallpapers/MiSTer Bubble Bobble Arcade.jpg": {"hash": "4976b2e27f226ef0bc27cd2cdedbe73b", "size": 2138284, "tags": [16, 17, 84]}, "Wallpapers/MiSTer Cadillacs and Dinosaurs.jpg": {"hash": "bfcf56ddff1c1bb4ffd6ec842a32b009", "size": 5327590, "tags": [16, 17, 85]}, "Wallpapers/MiSTer CastleVania III Dracula's Curse NES.jpg": {"hash": "a317b8ef9e57f965c68d2a91c9d4c342", "size": 5975422, "tags": [16, 17, 87]}, "Wallpapers/MiSTer CastleVania NES.jpg": {"hash": "72525a6f462c25dc924e2283d47f77bc", "size": 3885353, "tags": [16, 17, 88]}, "Wallpapers/MiSTer Castlevania II NES.jpg": {"hash": "6e2efc896cfce5da4a1aceedfb010df2", "size": 4860652, "tags": [16, 17, 86]}, "Wallpapers/MiSTer Castlevania NES.jpg": {"hash": "feb4908f13925afb19a5285157a764ed", "size": 3715924, "tags": [16, 17, 88]}, "Wallpapers/MiSTer Castlevania SOTN.jpg": {"hash": "5c1c88e122844653df2cc3f180883edc", "size": 3183610, "tags": [16, 17, 89]}, "Wallpapers/MiSTer Castlevania The New Generation V2.jpg": {"hash": "3e15bc0d8071398c4d4c8b8862ba243a", "size": 4358612, "tags": [16, 17, 90]}, "Wallpapers/MiSTer Castlevania The New Generation.jpg": {"hash": "6b5ebb6f640161562b935168cb59b996", "size": 2797755, "tags": [16, 17, 91]}, "Wallpapers/MiSTer Chrono Trigger - SNES Box Art.jpg": {"hash": "1a458283801794b45956ea6c85061511", "size": 8129589, "tags": [16, 17, 92]}, "Wallpapers/MiSTer Contra Arcade.jpg": {"hash": "57234a353e873a1a99dd39776c21e0d0", "size": 3825646, "tags": [16, 17, 93]}, "Wallpapers/MiSTer Contra III.jpg": {"hash": "f26d24690303ab282b1dff1b6e314819", "size": 5010960, "tags": [16, 17, 94]}, "Wallpapers/MiSTer Contra-Hand Drawn.jpg": {"hash": "0735b80672b86ac04d2d73792a3cff56", "size": 1168535, "tags": [16, 17, 95]}, "Wallpapers/MiSTer Controller Hardware.jpg": {"hash": "ac12dfc19855183d98a65897974ceaaa", "size": 3940914, "tags": [16, 17, 96]}, "Wallpapers/MiSTer Controllers.jpg": {"hash": "b1451f2850aaee404aa336316dfc21a7", "size": 826950, "tags": [16, 17, 97]}, "Wallpapers/MiSTer Crazy Climber.jpg": {"hash": "6e924fd13f4521440ffe7e492f5737a1", "size": 11725487, "tags": [16, 98]}, "Wallpapers/MiSTer Darkstalkers Arcade.jpg": {"hash": "2f3bf983e8c4cf90693ba9c2f86d2cc2", "size": 5450834, "tags": [16, 17, 99]}, "Wallpapers/MiSTer Deathsmiles Arcade.jpg": {"hash": "50428d98c9a9089f9bf7f889c44ac804", "size": 4675111, "tags": [16, 17, 100]}, "Wallpapers/MiSTer Demon Front.jpg": {"hash": "2006674cff73afbed25d1d7b1dca18a1", "size": 4151052, "tags": [16, 17, 101]}, "Wallpapers/MiSTer Discs of Tron.jpg": {"hash": "f3d63fb1d7605db77dd61ede9ab5fe43", "size": 1447136, "tags": [16, 17, 102]}, "Wallpapers/MiSTer Donkey Kong Arcade.jpg": {"hash": "67c50e93a52ebeb7af04cc7b9aacfcd7", "size": 3888703, "tags": [16, 17, 103]}, "Wallpapers/MiSTer Double Dragon Arcade.jpg": {"hash": "bbc20d74d87d229a82fc4a4452076a0c", "size": 2465530, "tags": [16, 17, 104]}, "Wallpapers/MiSTer Double Dragon II - Arcade.jpg": {"hash": "2788566d994ae07c24ff6e7ecbc65968", "size": 6902687, "tags": [16, 17, 105]}, "Wallpapers/MiSTer Double Dragon NES.jpg": {"hash": "8dfc17e5b9846d858f895e29824492ca", "size": 3965730, "tags": [16, 17, 106]}, "Wallpapers/MiSTer Dragon Breed.jpg": {"hash": "e93d250a955dff64c26f8faa81a3d41c", "size": 4927436, "tags": [16, 17, 107]}, "Wallpapers/MiSTer E.T. Atari 2600.jpg": {"hash": "d3511c34ef7f8e9da075417e0c98abcd", "size": 3429789, "tags": [16, 17, 108]}, "Wallpapers/MiSTer ESWAT Arcade.jpg": {"hash": "62719343ee284a06cf9dfbedd8da3c91", "size": 8850083, "tags": [16, 17, 109]}, "Wallpapers/MiSTer ESWAT Mega Drive.jpg": {"hash": "a9e640cbab23a47464e7b1fd2b8175e1", "size": 8561816, "tags": [16, 17, 110]}, "Wallpapers/MiSTer F-ZERO SNES.jpg": {"hash": "ef14a6aaba377208512b3644070e8859", "size": 7995894, "tags": [16, 17, 111]}, "Wallpapers/MiSTer Faceball 2000 Gameboy Box Art.jpg": {"hash": "a4b4c42dc2773d09a6e79ac151ce2bc5", "size": 7062228, "tags": [16, 17, 112]}, "Wallpapers/MiSTer Famicom Data Recorder.jpg": {"hash": "5951ba9e16e3b82e580435bed21f203c", "size": 5664921, "tags": [16, 113]}, "Wallpapers/MiSTer Final Fight Arcade.jpg": {"hash": "924013c24e3de9bdb35b38c5e5d23b7e", "size": 1780684, "tags": [16, 17, 114]}, "Wallpapers/MiSTer Friday the 13th NES V2.jpg": {"hash": "0666a813e004b91a4fc64b8962785a5c", "size": 4824950, "tags": [16, 17, 115]}, "Wallpapers/MiSTer Friday the 13th NES.jpg": {"hash": "ce7ccfbadbd580a1ecdcff96fac86c52", "size": 3609423, "tags": [16, 17, 116]}, "Wallpapers/MiSTer GAME & WATCH - Parachute.jpg": {"hash": "c59683688dae52098e4a8364c8e2f78e", "size": 3704486, "tags": [16, 17, 117]}, "Wallpapers/MiSTer GO-BOTS.jpg": {"hash": "59dfdf08cd35bfb5101788b8745725a0", "size": 1683421, "tags": [16, 17, 118]}, "Wallpapers/MiSTer GYRUSS Arcade.jpg": {"hash": "d1d2c67604c0552b2422c5e16f9ed19d", "size": 1770302, "tags": [16, 17, 124]}, "Wallpapers/MiSTer Golden Axe - Mega Drive.jpg": {"hash": "cd8aafc7826304ef70403c58a29d456a", "size": 8543072, "tags": [16, 17, 119]}, "Wallpapers/MiSTer Golden Axe - The Revenge of Death Adder.jpg": {"hash": "7aafa84f16f6145f2f3f6b669f3f25b3", "size": 5770453, "tags": [16, 17, 120]}, "Wallpapers/MiSTer Golden Axe Arcade.jpg": {"hash": "b582ec684a70a981502b99b075a1012f", "size": 5428588, "tags": [16, 17, 121]}, "Wallpapers/MiSTer Gradius Arcade.jpg": {"hash": "8493d3ae7b1be56ec607f85e3431096e", "size": 5492578, "tags": [16, 17, 122]}, "Wallpapers/MiSTer Gradius II GOFER no Yab\u014d - Arcade.jpg": {"hash": "f1df3d13b306bbc1322cd0e1b007a10e", "size": 10010101, "tags": [16, 17, 123]}, "Wallpapers/MiSTer Haunted Castle.jpg": {"hash": "5f8798ac4d52fd0737436a24435d6026", "size": 4897363, "tags": [16, 17, 125]}, "Wallpapers/MiSTer He-Man MOTU.jpg": {"hash": "16b0bab80f18bb20935716a7686c82d6", "size": 1298717, "tags": [16, 17, 126]}, "Wallpapers/MiSTer Image Fight Arcade.jpg": {"hash": "405ad80627e3a61b51169a8fe78bffa9", "size": 7165181, "tags": [16, 17, 127]}, "Wallpapers/MiSTer Karate Champ Arcade.jpg": {"hash": "daffcdc82523fa7cc93f3264caac927d", "size": 5366037, "tags": [16, 17, 128]}, "Wallpapers/MiSTer Karnov Arcade.jpg": {"hash": "aebbdfc349236b902a4afbcdd19e90e4", "size": 4657168, "tags": [16, 17, 129]}, "Wallpapers/MiSTer Keith Courage in Alpha Zones.jpg": {"hash": "24061a0f7eef3c93710cc056c4411c87", "size": 1470754, "tags": [16, 17, 130]}, "Wallpapers/MiSTer Konami SNES Ad.jpg": {"hash": "d2fba4b4ec49787af0dda48f1e9489d4", "size": 5858553, "tags": [16, 17, 131]}, "Wallpapers/MiSTer Landstalker - Mega Drive (J).jpg": {"hash": "764dd42eafcb637a40febf24a65a040a", "size": 6922023, "tags": [16, 17, 132]}, "Wallpapers/MiSTer Life Force.jpg": {"hash": "645ef1c032d49bfc015c3c7971536c5a", "size": 5837999, "tags": [16, 17, 133]}, "Wallpapers/MiSTer MARIO BROS Arcade.jpg": {"hash": "2b00b93c5330453ab349a13d1ef9933a", "size": 3145921, "tags": [16, 17, 134]}, "Wallpapers/MiSTer METROID II Gameboy.jpg": {"hash": "96f7fc53b722c95d96b651ecb2eb2bb9", "size": 4121004, "tags": [16, 17, 136]}, "Wallpapers/MiSTer MLiG.jpg": {"hash": "e83e78c3f34ca4d9ad4920ddf02eaf56", "size": 5771215, "tags": [16, 17, 137]}, "Wallpapers/MiSTer MVC.jpg": {"hash": "d24aa4728237770d55963f90bf31f16e", "size": 2162650, "tags": [16, 17, 141]}, "Wallpapers/MiSTer Metal Slug.jpg": {"hash": "658af442a508ff494aadeee5057de8ea", "size": 1315369, "tags": [16, 17, 135]}, "Wallpapers/MiSTer Mortal Kombat II Arcade .jpg": {"hash": "f03350e50577934f40b3d963f6341dca", "size": 2950828, "tags": [16, 17, 138]}, "Wallpapers/MiSTer Mortal Kombat.jpg": {"hash": "e402a56d8a367e1c74195ce5bab6a337", "size": 1776718, "tags": [16, 17, 139]}, "Wallpapers/MiSTer Ms. Pacman Arcade.jpg": {"hash": "d396680045bdfd538a6d041ce2520c48", "size": 6201024, "tags": [16, 17, 140]}, "Wallpapers/MiSTer NARC Arcade.jpg": {"hash": "bd2197ae89f6cb103db6004cc79f63b1", "size": 2840654, "tags": [16, 17, 142]}, "Wallpapers/MiSTer NBA Jam Arcade.jpg": {"hash": "d44a6eb4e59428dfcb57d9129140d99a", "size": 8528014, "tags": [16, 17, 143]}, "Wallpapers/MiSTer NEO GEO MVS.jpg": {"hash": "59a2144f8db21515de63271fbcf2f5f4", "size": 877165, "tags": [16, 17, 144]}, "Wallpapers/MiSTer NEOGEO AES.jpg": {"hash": "69d8002578e37ee80ce9f9903ff091b6", "size": 1213039, "tags": [16, 17, 145]}, "Wallpapers/MiSTer Neverending Story.jpg": {"hash": "025cf38c0ff90a9f2d4e91eab7b1c071", "size": 1621653, "tags": [16, 17, 146]}, "Wallpapers/MiSTer Ninja Baseball Batman.jpg": {"hash": "4a7d5e6c6f4155cb24ce32cd4072fb1f", "size": 2667789, "tags": [16, 17, 147]}, "Wallpapers/MiSTer Ninja Gaiden - Arcade.jpg": {"hash": "56d07ad6697e219a8b86476e9ac0c84b", "size": 7760663, "tags": [16, 17, 148]}, "Wallpapers/MiSTer Ninja Gaiden NES.jpg": {"hash": "1bd2638b92c0c2a66933f563df96b789", "size": 6362884, "tags": [16, 17, 149]}, "Wallpapers/MiSTer Nintendo Power Covers 1 & 2.jpg": {"hash": "d1f7f5f485c4a5538ee5c371f9238636", "size": 3974102, "tags": [16, 17, 151]}, "Wallpapers/MiSTer Nintendo hardware mash-up.jpg": {"hash": "f2d623005b9a49fc848b29b44c35b807", "size": 4286149, "tags": [16, 17, 150]}, "Wallpapers/MiSTer Out Run Arcade.jpg": {"hash": "4a2852d1dd86139ab8188d27154ad08b", "size": 1512617, "tags": [16, 17, 152]}, "Wallpapers/MiSTer PAC-MAN Atari 2600.jpg": {"hash": "ffca8a09fe0cecc13284a1bbf2dcd25e", "size": 3488369, "tags": [16, 17, 153]}, "Wallpapers/MiSTer PAC-MAN Castle Background Atari 2600.jpg": {"hash": "598e95efe685c2f0549ce57c52b91f05", "size": 4041191, "tags": [16, 17, 154]}, "Wallpapers/MiSTer PLOK SNES Box Art.jpg": {"hash": "d5778f76162e93f28cda9f2d8b19fbd0", "size": 9419885, "tags": [16, 17, 167]}, "Wallpapers/MiSTer Paprium.jpg": {"hash": "135efb064fa6965ed50b50e653fe76c0", "size": 2645516, "tags": [16, 17, 155]}, "Wallpapers/MiSTer Phantasy Star II V.01.jpg": {"hash": "f542b5f877d331e3573ca02f093cec1d", "size": 4367404, "tags": [16, 17, 156]}, "Wallpapers/MiSTer Phantasy Star III - Mega Drive.jpg": {"hash": "01a95ebaedfaece66465fca26568a60e", "size": 6696686, "tags": [16, 17, 157]}, "Wallpapers/MiSTer Phoenix Atari 2600.jpg": {"hash": "f146ae4a41c4a3623be8d0c7424adc2b", "size": 4251115, "tags": [16, 17, 158]}, "Wallpapers/MiSTer Pitfall.jpg": {"hash": "436fbb2ecedb67f07d0e9b48d4182e53", "size": 3745317, "tags": [16, 17, 159]}, "Wallpapers/MiSTer Pixel Cherry Ninja.jpg": {"hash": "2d230a159c9f185788fed02cf22f1d61", "size": 5732115, "tags": [16, 17, 160]}, "Wallpapers/MiSTer Pixel Memories - Gradius MSX.jpg": {"hash": "45f5acbe3f0df059a1f763abeee78e59", "size": 5912423, "tags": [16, 17, 161]}, "Wallpapers/MiSTer Pixel Memories - Qbert.jpg": {"hash": "2841d06b7c650f56777b1695fb4bafa2", "size": 6187015, "tags": [16, 17, 162]}, "Wallpapers/MiSTer Pixel Memories - Sonic MEGA DRIVE.jpg": {"hash": "5a788347342a69d969fb0e95dcf1c8cc", "size": 5297977, "tags": [16, 17, 163]}, "Wallpapers/MiSTer Pixel Memories - TAPPER.jpg": {"hash": "e02de2b0d2bbdbf3ec48cd924fe36b86", "size": 5341770, "tags": [16, 17, 164]}, "Wallpapers/MiSTer Pixel Memories - Track & Field.jpg": {"hash": "efaf4f24fa6471dcbffd483296ea2a94", "size": 3564204, "tags": [16, 17, 165]}, "Wallpapers/MiSTer Playchoice Entertainment Center ad.jpg": {"hash": "4d1bdce38a92705f50a347a6f4a6c8ed", "size": 8639180, "tags": [16, 17, 166]}, "Wallpapers/MiSTer Powerpuff Girls.jpg": {"hash": "3cb5dd10c3f1a97717d941fd29beb984", "size": 953508, "tags": [16, 17, 168]}, "Wallpapers/MiSTer Princess Peach.jpg": {"hash": "fac2bff273799dd3095cf4a3ebf373d5", "size": 3967131, "tags": [16, 17, 169]}, "Wallpapers/MiSTer Punisher Arcade.jpg": {"hash": "feb5b88920de45c79acd8e95ac9fb4fe", "size": 4285701, "tags": [16, 17, 170]}, "Wallpapers/MiSTer R-TYPE Arcade.jpg": {"hash": "edbd138065802bbd1dbc325a8ef9f58f", "size": 3756932, "tags": [16, 17, 171]}, "Wallpapers/MiSTer R-TYPE Gameboy.jpg": {"hash": "160b53809953c18e4a62d609277f9b45", "size": 4413997, "tags": [16, 17, 172]}, "Wallpapers/MiSTer R-TYPE II Arcade.jpg": {"hash": "67d4f0f23acb12b9778be4836201000b", "size": 3425660, "tags": [16, 17, 173]}, "Wallpapers/MiSTer RASTAN Arcade.jpg": {"hash": "54d653ada580c3cb8762634c4c07911a", "size": 1504821, "tags": [16, 17, 174]}, "Wallpapers/MiSTer RAYSTORM PlayStation 1.jpg": {"hash": "75435b6f8c1eba0b546a2afc2b98f563", "size": 3575101, "tags": [16, 17, 175]}, "Wallpapers/MiSTer RYGAR Arcade.jpg": {"hash": "67bc5aa4daaa2b70e9bb428145b0205c", "size": 1834743, "tags": [16, 17, 181]}, "Wallpapers/MiSTer Red Earth.jpg": {"hash": "579e198df5a38a7aff5cf41eafe61b73", "size": 5265553, "tags": [16, 17, 176]}, "Wallpapers/MiSTer Resident Evil PS1.jpg": {"hash": "39c5dc7d2e8bb1d0568ffa00d83e0823", "size": 4518659, "tags": [16, 17, 177]}, "Wallpapers/MiSTer Robocop Arcade.jpg": {"hash": "ccc94afc49566053da526011343d00e3", "size": 6112785, "tags": [16, 17, 178]}, "Wallpapers/MiSTer Robotron 2084.jpg": {"hash": "5ee94e5bbde08bedac6977ab32120fe9", "size": 2631592, "tags": [16, 17, 179]}, "Wallpapers/MiSTer Roger Dean.jpg": {"hash": "ba883a3f019685ec97a49af9f9ba01eb", "size": 4422068, "tags": [16, 17, 180]}, "Wallpapers/MiSTer SMS Ad - Sega Adventure.jpg": {"hash": "70393fe29a907d96f26dca3b0fb8d0d0", "size": 5511996, "tags": [16, 17, 191]}, "Wallpapers/MiSTer SMS Tonka ad 1987.jpg": {"hash": "af4bbd5f4cb26e5a4e7e8a547e8c82b1", "size": 7286492, "tags": [16, 17, 192]}, "Wallpapers/MiSTer SNATCHER.jpg": {"hash": "89e7a4d17f45289fa0fa7724e40b2393", "size": 1668638, "tags": [16, 17, 193]}, "Wallpapers/MiSTer SNES.jpg": {"hash": "a3ba77df6b0277c3e44aabb5f3f28ed1", "size": 855367, "tags": [16, 17, 194]}, "Wallpapers/MiSTer SRG320.jpg": {"hash": "d93a564beb4280eaff1fd58b2b006d64", "size": 3042534, "tags": [16, 17, 200]}, "Wallpapers/MiSTer Salamander 2.jpg": {"hash": "b9717f1af449af39e142908e7a3250e4", "size": 7464164, "tags": [16, 17, 182]}, "Wallpapers/MiSTer Salamander JP.jpg": {"hash": "c07bc05eeed8036121f24b97289141c3", "size": 6105392, "tags": [16, 17, 183]}, "Wallpapers/MiSTer Salamander.jpg": {"hash": "7225178adbe39dbdfabc82b7ef08ac40", "size": 5757583, "tags": [16, 17, 184]}, "Wallpapers/MiSTer Scully Snice RGB Ganeboy Color.jpg": {"hash": "d2577586e964d95d5be905ac2c226964", "size": 7174794, "tags": [16, 17, 185]}, "Wallpapers/MiSTer Shadow Dancer - Mega Drive.jpg": {"hash": "7814e44474ebb492fb6c2410bda79344", "size": 9292631, "tags": [16, 17, 186]}, "Wallpapers/MiSTer Shadow Dancer Arcade.jpg": {"hash": "7166ee5f16f1aa11c7908733b6b89f71", "size": 6787284, "tags": [16, 17, 187]}, "Wallpapers/MiSTer Shining Force Genesis v..1.jpg": {"hash": "ba1f0ab485212f3c20ccc768c0fab195", "size": 8103857, "tags": [16, 17, 188]}, "Wallpapers/MiSTer Shinobi Arcade.jpg": {"hash": "78187ac0affd0e948ff2580908504ea1", "size": 1903101, "tags": [16, 17, 189]}, "Wallpapers/MiSTer Sinden Lightgun v1.jpg": {"hash": "375cef19ea53dabaa8f42c75655119ea", "size": 4394182, "tags": [16, 17, 190]}, "Wallpapers/MiSTer Sonic the Hedgehog Genesis.jpg": {"hash": "f96ac3b142edb6be278e242699175203", "size": 3111630, "tags": [16, 17, 195]}, "Wallpapers/MiSTer Space Harrier II - Genesis.jpg": {"hash": "ba0bd8bee3603d68ceb17b8427b87bad", "size": 7852418, "tags": [16, 17, 196]}, "Wallpapers/MiSTer Space Invaders Atari 2600.jpg": {"hash": "5a77d73fbfe9ec6b13b96d2efd5431a6", "size": 3464922, "tags": [16, 17, 197]}, "Wallpapers/MiSTer Splatterhouse Arcade.jpg": {"hash": "38db840a9a1218cef90262ef8e0ecd9f", "size": 3643214, "tags": [16, 17, 198]}, "Wallpapers/MiSTer Splatterhouse-Hand Drawn.jpg": {"hash": "7643a9ad0eaa0c1adb6beed8edfb46ca", "size": 1925625, "tags": [16, 17, 199]}, "Wallpapers/MiSTer Star Parodier.jpg": {"hash": "f78fc4d1a00b2aa53dbfa8359378463f", "size": 5433909, "tags": [16, 17, 201]}, "Wallpapers/MiSTer Street Fighter Arcade.jpg": {"hash": "78ac8ad38242f6889196aa4a98e4cc85", "size": 7920987, "tags": [16, 17, 202]}, "Wallpapers/MiSTer Street Fighter II Arcade.jpg": {"hash": "f61a261029c49d50b71a7c8c082483a9", "size": 1743633, "tags": [16, 17, 203]}, "Wallpapers/MiSTer Street Fighter II CE Arcade V2.jpg": {"hash": "c3a2bb52eea7c08262ee94853a605fbc", "size": 2325070, "tags": [16, 17, 204]}, "Wallpapers/MiSTer Street Fighter II CE Arcade.jpg": {"hash": "62a420aad48970b97f8578b1c48522cf", "size": 1854662, "tags": [16, 17, 205]}, "Wallpapers/MiSTer Street Fighter II Collage.jpg": {"hash": "4916484cfe353e6550f6fc26775ad0d8", "size": 6202414, "tags": [16, 17, 206]}, "Wallpapers/MiSTer Street Fighter II HF Arcade.jpg": {"hash": "573aa7cdf1866f4cd1d8c2b966c1ee89", "size": 2373028, "tags": [16, 17, 207]}, "Wallpapers/MiSTer Street Fighter II SNES USA Box Art.jpg": {"hash": "a98644dc873c0926961f0aff869777ad", "size": 4616647, "tags": [16, 17, 209]}, "Wallpapers/MiSTer Street Fighter II Turbo SNES Box Art.jpg": {"hash": "b6401e474f72b14c8146bf2dddaabd17", "size": 5063801, "tags": [16, 17, 210]}, "Wallpapers/MiSTer Street Fighter II imbord3rlin3 Candy Cabs.jpg": {"hash": "08ef05039bd6f2e18c28c28abc42fec5", "size": 5019623, "tags": [16, 17, 208]}, "Wallpapers/MiSTer Street Fighter III - Third Strike Arcade V.01.jpg": {"hash": "72861e52c6ec17c53191913eab235090", "size": 4556168, "tags": [16, 17, 211]}, "Wallpapers/MiSTer Street Fighter III - Third Strike Arcade V.02.jpg": {"hash": "690c5d8870847916639759a72c2f4d13", "size": 4015655, "tags": [16, 17, 212]}, "Wallpapers/MiSTer Streets of Rage Genesis.jpg": {"hash": "47645050e46e28784a69db432beb3c4c", "size": 6592772, "tags": [16, 17, 213]}, "Wallpapers/MiSTer Streets of Rage Mega Drive.jpg": {"hash": "ae3b8f6b4805db3e7b268c048ad6ddd6", "size": 6653511, "tags": [16, 17, 214]}, "Wallpapers/MiSTer Strider Arcade.jpg": {"hash": "483c7bd81fecbc5c2f2986f14d99e6b8", "size": 2153986, "tags": [16, 17, 215]}, "Wallpapers/MiSTer Super Mario Bros. 30th Amiibo.jpg": {"hash": "65541681130c24364f13b094e5c801bc", "size": 8880470, "tags": [16, 17, 216]}, "Wallpapers/MiSTer Super Mario Land.jpg": {"hash": "6899c4ea573a3847dce48303dcfcf8a7", "size": 1299352, "tags": [16, 17, 217]}, "Wallpapers/MiSTer Super Mario World.jpg": {"hash": "ce52a3fbc0e2cded2e636403740e809a", "size": 1318989, "tags": [16, 17, 218]}, "Wallpapers/MiSTer Super Metroid - Kraid & Mother Brain.jpg": {"hash": "32df112fe7c6891ff41c87dfcdb04eaa", "size": 5906035, "tags": [16, 17, 219]}, "Wallpapers/MiSTer Super Metroid.jpg": {"hash": "fad089c6bb88714d3b1f7ab640559e50", "size": 1648436, "tags": [16, 17, 220]}, "Wallpapers/MiSTer Super Off Road NES.jpg": {"hash": "2f9e521b49ae3df3439826e1fa235452", "size": 8242628, "tags": [16, 17, 221]}, "Wallpapers/MiSTer Super Thunder Blade.jpg": {"hash": "fb54d5453d08f07da0c4bf5c6a63b773", "size": 8672831, "tags": [16, 17, 222]}, "Wallpapers/MiSTer T2 Judgement Day Arcade.jpg": {"hash": "1c0a9a8275ed6e7cecf88c42e92b9134", "size": 3548369, "tags": [16, 17, 223]}, "Wallpapers/MiSTer TMNT - Turtles In Time Arcade.jpg": {"hash": "935cdded192199971e20219aa3705e57", "size": 6131000, "tags": [16, 17, 227]}, "Wallpapers/MiSTer TMNT Arcade V2.jpg": {"hash": "05401e910008f39ce9f51457fd779a0c", "size": 6420981, "tags": [16, 17, 228]}, "Wallpapers/MiSTer TMNT Arcade V3.jpg": {"hash": "0ed3e3714cfc40cd26bb0bfd6bd03cc9", "size": 5250787, "tags": [16, 17, 229]}, "Wallpapers/MiSTer TMNT Arcade.jpg": {"hash": "d48300303d7b1a087c4ad53ba48da40b", "size": 4884304, "tags": [16, 17, 230]}, "Wallpapers/MiSTer Tetris TGM.jpg": {"hash": "1f8e5bd0c7e6a3746eb7aea83a47b5ad", "size": 1328348, "tags": [16, 17, 224]}, "Wallpapers/MiSTer The Legend of Zelda.jpg": {"hash": "f7442659e9ea2c081552e43a35cf250c", "size": 10047762, "tags": [16, 17, 225]}, "Wallpapers/MiSTer The Simpsons Arcade.jpg": {"hash": "ac9bbe715f6a63d199c595278479a0a7", "size": 3593997, "tags": [16, 17, 226]}, "Wallpapers/MiSTer UMK3 Arcade.jpg": {"hash": "8db201883f1233949c2690448fcd5e90", "size": 6966185, "tags": [16, 17, 231]}, "Wallpapers/MiSTer Vampire Savior.jpg": {"hash": "f789047e8c6f26d6caff2f52193eb92a", "size": 1617672, "tags": [16, 17, 232]}, "Wallpapers/MiSTer Vulcan Venture - Arcade.jpg": {"hash": "70a53b6040654e2b9d92540b910974d2", "size": 9947592, "tags": [16, 17, 233]}, "Wallpapers/MiSTer WWF Superstars Arcade.jpg": {"hash": "7a56b3900957895412a9aa771c14a18d", "size": 7714305, "tags": [16, 17, 235]}, "Wallpapers/MiSTer Wizard of Wor Arcade.jpg": {"hash": "adaf34167ceb893da4a4632634f3598c", "size": 1660903, "tags": [16, 17, 234]}, "Wallpapers/MiSTer X-MEN Arcade.jpg": {"hash": "fb27ec9302fb7f5b9fa3599012b72406", "size": 6955861, "tags": [16, 17, 236]}, "Wallpapers/MiSTer X-MEN COTA Arcade.jpg": {"hash": "2a84fd7f0a2e8640979065235b0b885e", "size": 5370349, "tags": [16, 17, 237]}, "Wallpapers/MiSTer X-MEN VS. Street Fighter Arcade.jpg": {"hash": "037ec10a8ff459dd7ffd5d13c30a7aca", "size": 6957278, "tags": [16, 17, 238]}, "Wallpapers/MiSTer Xenocrisis.jpg": {"hash": "053c855008059267c4de17abca4fd488", "size": 3566363, "tags": [16, 17, 239]}, "Wallpapers/MiSTer Yars Revenge Atari 2600.jpg": {"hash": "e8fbd96d823671c1d173e80d44b6eb97", "size": 5412039, "tags": [16, 17, 240]}}, "folders": {"Wallpapers": {"tags": [16]}}, "tag_dictionary": {"ar169": 17, "ar43": 19, "mister3dworldrunner": 18, "mister4x3akumajoudraculaxchinorondopcecd": 20, "mister4x3alteredbeastgenesis": 21, "mister4x3alteredbeastmegadrive": 22, "mister4x3axelaysnes": 23, "mister4x3battletoadsdoubledragontheultimateteamsnes": 24, "mister4x3castlevania": 27, "mister4x3castlevaniasotn": 25, "mister4x3castlevaniathenewgeneration": 26, "mister4x3chronotriggersnes": 28, "mister4x3crazyclimberarcade": 29, "mister4x3deathsmilesarcade": 30, "mister4x3digdugarcade": 31, "mister4x3doubledragoniiarcade": 32, "mister4x3doubledragonnes": 33, "mister4x3dragonbreed": 34, "mister4x3eswatarcade": 35, "mister4x3fzerosnes": 36, "mister4x3goldenaxearcade": 37, "mister4x3gradiusarcade": 38, "mister4x3gradiusiigofernoyabarcade": 39, "mister4x3hemanmotu": 40, "mister4x3imagefightarcade": 41, "mister4x3karatechamparcade": 42, "mister4x3karnovarcade": 43, "mister4x3konamishmupcollage": 44, "mister4x3metroidiigameboy": 45, "mister4x3mlig": 46, "mister4x3ninjagaidenarcade": 47, "mister4x3outrunmegadrive": 48, "mister4x3ploksnes": 49, "mister4x3robotron2084arcade": 52, "mister4x3rtypearcade": 50, "mister4x3rtypeiiarcade": 51, "mister4x3salamanderarcade": 53, "mister4x3splatterhousearcade": 54, "mister4x3srg320": 55, "mister4x3starparodierpcenginecd": 56, "mister4x3streetfighteriiithirdstrikev.01": 59, "mister4x3streetfighteriiithirdstrikev.02": 60, "mister4x3streetfighteriisnes": 57, "mister4x3streetfighteriiturbosnes": 58, "mister4x3streetsofragegenesis": 61, "mister4x3streetsofragemegadrive": 62, "mister4x3supermetroidsnes": 63, "mister4x3thelegendofzelda": 64, "mister4x3vulcanventurearcade": 65, "misterakumajoudraculaxchinorondopcecd": 66, "misteralienstormarcade": 67, "misteralteredbeastarcade": 70, "misteralteredbeastarcadealt2": 68, "misteralteredbeastarcadealt3": 69, "misteralteredbeastgenesis": 71, "misteralteredbeastmastersystem": 72, "misteralteredbeastmegadrive": 73, "misteramiga": 74, "misteratari2600vintage": 75, "misteravparcade": 76, "misteraxelaysnesboxart": 77, "misterbareknuckleiimegadrivej": 78, "misterbareknucklemegadrive": 79, "misterbatriderarcadejp": 80, "misterbattletoadsdoubledragontheultimateteamsnesboxart": 81, "misterberzerkatari2600": 82, "misterbowsette": 83, "misterbubblebobblearcade": 84, "mistercadillacsanddinosaurs": 85, "mistercastlevaniaiiidraculascursenes": 87, "mistercastlevaniaiines": 86, "mistercastlevanianes": 88, "mistercastlevaniasotn": 89, "mistercastlevaniathenewgeneration": 91, "mistercastlevaniathenewgenerationv2": 90, "misterchronotriggersnesboxart": 92, "mistercontraarcade": 93, "mistercontrahanddrawn": 95, "mistercontraiii": 94, "mistercontrollerhardware": 96, "mistercontrollers": 97, "mistercrazyclimber": 98, "misterdarkstalkersarcade": 99, "misterdeathsmilesarcade": 100, "misterdemonfront": 101, "misterdiscsoftron": 102, "misterdonkeykongarcade": 103, "misterdoubledragonarcade": 104, "misterdoubledragoniiarcade": 105, "misterdoubledragonnes": 106, "misterdragonbreed": 107, "mistere.t.atari2600": 108, "mistereswatarcade": 109, "mistereswatmegadrive": 110, "misterfaceball2000gameboyboxart": 112, "misterfamicomdatarecorder": 113, "misterfinalfightarcade": 114, "misterfridaythe13thnes": 116, "misterfridaythe13thnesv2": 115, "misterfzerosnes": 111, "mistergamewatchparachute": 117, "mistergobots": 118, "mistergoldenaxearcade": 121, "mistergoldenaxemegadrive": 119, "mistergoldenaxetherevengeofdeathadder": 120, "mistergradiusarcade": 122, "mistergradiusiigofernoyabarcade": 123, "mistergyrussarcade": 124, "misterhauntedcastle": 125, "misterhemanmotu": 126, "misterimagefightarcade": 127, "misterkaratechamparcade": 128, "misterkarnovarcade": 129, "misterkeithcourageinalphazones": 130, "misterkonamisnesad": 131, "misterlandstalkermegadrivej": 132, "misterlifeforce": 133, "mistermariobrosarcade": 134, "mistermetalslug": 135, "mistermetroidiigameboy": 136, "mistermlig": 137, "mistermortalkombat": 139, "mistermortalkombatiiarcade": 138, "misterms.pacmanarcade": 140, "mistermvc": 141, "misternarcarcade": 142, "misternbajamarcade": 143, "misterneogeoaes": 145, "misterneogeomvs": 144, "misterneverendingstory": 146, "misterninjabaseballbatman": 147, "misterninjagaidenarcade": 148, "misterninjagaidennes": 149, "misternintendohardwaremashup": 150, "misternintendopowercovers12": 151, "misteroutrunarcade": 152, "misterpacmanatari2600": 153, "misterpacmancastlebackgroundatari2600": 154, "misterpaprium": 155, "misterphantasystariiimegadrive": 157, "misterphantasystariiv.01": 156, "misterphoenixatari2600": 158, "misterpitfall": 159, "misterpixelcherryninja": 160, "misterpixelmemoriesgradiusmsx": 161, "misterpixelmemoriesqbert": 162, "misterpixelmemoriessonicmegadrive": 163, "misterpixelmemoriestapper": 164, "misterpixelmemoriestrackfield": 165, "misterplaychoiceentertainmentcenterad": 166, "misterploksnesboxart": 167, "misterpowerpuffgirls": 168, "misterprincesspeach": 169, "misterpunisherarcade": 170, "misterrastanarcade": 174, "misterraystormplaystation1": 175, "misterredearth": 176, "misterresidentevilps1": 177, "misterrobocoparcade": 178, "misterrobotron2084": 179, "misterrogerdean": 180, "misterrtypearcade": 171, "misterrtypegameboy": 172, "misterrtypeiiarcade": 173, "misterrygararcade": 181, "mistersalamander": 184, "mistersalamander2": 182, "mistersalamanderjp": 183, "misterscullysnicergbganeboycolor": 185, "mistershadowdancerarcade": 187, "mistershadowdancermegadrive": 186, "mistershiningforcegenesisv..1": 188, "mistershinobiarcade": 189, "mistersindenlightgunv1": 190, "mistersmsadsegaadventure": 191, "mistersmstonkaad1987": 192, "mistersnatcher": 193, "mistersnes": 194, "mistersonicthehedgehoggenesis": 195, "misterspaceharrieriigenesis": 196, "misterspaceinvadersatari2600": 197, "mistersplatterhousearcade": 198, "mistersplatterhousehanddrawn": 199, "mistersrg320": 200, "misterstarparodier": 201, "misterstreetfighterarcade": 202, "misterstreetfighteriiarcade": 203, "misterstreetfighteriicearcade": 205, "misterstreetfighteriicearcadev2": 204, "misterstreetfighteriicollage": 206, "misterstreetfighteriihfarcade": 207, "misterstreetfighteriiimbord3rlin3candycabs": 208, "misterstreetfighteriiithirdstrikearcadev.01": 211, "misterstreetfighteriiithirdstrikearcadev.02": 212, "misterstreetfighteriisnesusaboxart": 209, "misterstreetfighteriiturbosnesboxart": 210, "misterstreetsofragegenesis": 213, "misterstreetsofragemegadrive": 214, "misterstriderarcade": 215, "mistersupermariobros.30thamiibo": 216, "mistersupermarioland": 217, "mistersupermarioworld": 218, "mistersupermetroid": 220, "mistersupermetroidkraidmotherbrain": 219, "mistersuperoffroadnes": 221, "mistersuperthunderblade": 222, "mistert2judgementdayarcade": 223, "mistertetristgm": 224, "misterthelegendofzelda": 225, "misterthesimpsonsarcade": 226, "mistertmntarcade": 230, "mistertmntarcadev2": 228, "mistertmntarcadev3": 229, "mistertmntturtlesintimearcade": 227, "misterumk3arcade": 231, "mistervampiresavior": 232, "mistervulcanventurearcade": 233, "misterwizardofworarcade": 234, "misterwwfsuperstarsarcade": 235, "misterxenocrisis": 239, "misterxmenarcade": 236, "misterxmencotaarcade": 237, "misterxmenvs.streetfighterarcade": 238, "misteryarsrevengeatari2600": 240, "wallpapers": 16}, "timestamp": 1737380232}